,ORIGIN_AIRPORT_ID,CODE,ORIGIN_STATE_ABR,NAME,LOCATION,category,EAS,diff,pct_change,change_category,1Q2019,2Q2019,3Q2019,4Q2019,1Q2020,2Q2020,3Q2020,4Q2020,1Q2021,2Q2021,3Q2021,4Q2021,1Q2022,2Q2022,3Q2022,4Q2022
0,10135,ABE,PA,Lehigh Valley International,Allentown/Bethlehem/Easton,100k-1 million,no,loss,-21.7,at least -20%,91336,120387,120663,105214,84366,20682,39989,45266,45804,101907,108593,99990,84301,122236,118287,98171
1,10136,ABI,TX,Abilene Regional,Abilene,10k-100k,no,loss,-16.8,at least -10%,17745,23214,23302,22508,14884,4831,12298,14436,12407,23252,25051,19100,15526,20169,20078,18141
2,10140,ABQ,NM,Albuquerque International Sunport,Albuquerque,1-5 million,no,loss,-19.7,at least -10%,552903,704029,727560,710747,448213,79721,176350,192018,196932,428327,535534,559623,453782,622071,648851,640996
3,10141,ABR,SD,Aberdeen Regional,Aberdeen,10k-100k,yes,loss,-5.4,less than -10%,6590,6946,7180,8066,5736,548,3453,4656,3896,5242,5595,7109,5249,5470,5612,5437
4,10146,ABY,GA,Southwest Georgia Regional,Albany,10k-100k,no,loss,-5.1,less than -10%,9836,11028,9966,10630,8142,721,3367,5158,4841,8848,9370,8956,8053,9784,8487,8731
5,10154,ACK,MA,Nantucket Memorial,Nantucket,100k-1 million,no,loss,-32.7,at least -30%,6835,27027,85490,12136,4469,3669,30325,7196,3754,27633,86591,14573,4383,29362,88649,14077
6,10155,ACT,TX,Waco Regional,Waco,10k-100k,no,loss,-5.0,less than -10%,11737,17113,16778,16336,9956,1859,6944,8321,7435,13054,12377,14080,10993,15243,14110,13758
7,10157,ACV,CA,California Redwood Coast Humboldt County,Arcata/Eureka,10k-100k,no,gain,9.9,less than 10%,14882,20725,25060,25470,17718,2607,8753,8946,7209,18802,32119,36603,27737,32893,31221,27132
8,10158,ACY,NJ,Atlantic City International,Atlantic City,100k-1 million,no,gain,1.9,less than 10%,150134,127499,113924,131055,123805,15961,26644,44789,63403,122862,111937,100485,95979,107316,118589,90431
9,10185,AEX,LA,Alexandria International,Alexandria,100k-1 million,no,loss,-29.1,at least -20%,26811,31436,28339,32225,23826,4837,15817,18810,15445,27286,27672,27380,25582,27313,21179,22628
10,10208,AGS,GA,Augusta Regional at Bush Field,Augusta,100k-1 million,no,loss,-15.1,at least -10%,69757,95902,80999,84550,59571,14365,37146,43178,38336,68245,76941,68802,60513,78172,68454,64789
11,10257,ALB,NY,Albany International,Albany,1-5 million,no,loss,-20.2,at least -20%,341694,388392,408487,367866,288197,46224,96034,91227,102198,231671,328107,307105,260570,335382,370989,316215
12,10268,ALO,IA,Waterloo Regional,Waterloo,10k-100k,yes,gain,0.7,less than 10%,5228,6046,5687,5341,3514,513,1748,1195,1291,3074,4139,4290,3119,4384,3710,3690
13,10275,ALW,WA,Walla Walla Regional,Walla Walla,10k-100k,no,loss,-31.6,at least -30%,9771,13198,12613,13677,8714,2842,3598,5024,5595,11169,11574,10800,9226,10405,8356,5827
14,10279,AMA,TX,Rick Husband Amarillo International,Amarillo,100k-1 million,no,loss,-11.6,at least -10%,80790,96140,95932,93418,64802,15885,46309,51001,49693,87744,91117,90107,74016,100929,103419,101541
15,10333,APN,MI,Alpena County Regional,Alpena,10k-100k,yes,unchanged,0.0,unchanged,2431,2870,3880,3258,2385,308,2004,1740,1656,2682,4210,3244,2428,2937,4889,3612
16,10361,ART,NY,Watertown International,Watertown,10k-100k,yes,loss,-6.9,less than -10%,4879,5415,6035,6137,4753,996,2582,3232,2306,5596,6473,5448,4003,5261,6483,4496
17,10372,ASE,CO,Aspen Pitkin County Sardy Field,Aspen,100k-1 million,no,loss,-2.6,less than -10%,127564,48811,80319,50452,110132,5347,33415,34911,77258,39989,83265,47272,125828,38827,79351,55062
18,10397,ATL,GA,Hartsfield-Jackson Atlanta International,Atlanta,more than 5 million,no,loss,-20.6,at least -20%,10889685,12473076,12357787,11892465,8941557,1274692,3985378,4829233,5038027,8751459,10207429,10062465,8852885,10633381,10606011,10626822
19,10408,ATW,WI,Appleton International,Appleton,100k-1 million,no,loss,-8.5,less than -10%,93157,95881,99824,96881,89134,13949,35749,45138,63113,83465,108715,96433,101905,107839,103659,102413
20,10409,ATY,SD,Watertown Regional,Watertown,10k-100k,yes,gain,24.1,at least 20%,0,2832,4414,4435,3175,475,1880,1695,1425,3334,7284,6376,3569,4559,4295,2978
21,10423,AUS,TX,Austin - Bergstrom International,Austin,more than 5 million,no,gain,30.5,at least 30%,1779894,2247947,2189929,2191676,1551165,233384,619547,757168,721865,1671209,1993296,2300790,1994094,2872279,2639773,2680181
22,10431,AVL,NC,Asheville Regional,Asheville,100k-1 million,no,loss,-4.1,less than -10%,149909,211094,228036,222155,142579,30995,84943,103094,84971,185708,237096,214593,157314,241188,272754,248443
23,10434,AVP,PA,Wilkes Barre Scranton International,Scranton/Wilkes-Barre,100k-1 million,no,loss,-52.8,at least -30%,64584,78011,77137,69435,52883,10097,23916,23562,24760,39277,47468,45428,38580,50341,52052,48724
24,10466,AZA,AZ,Phoenix - Mesa Gateway,Phoenix,100k-1 million,no,gain,1.3,less than 10%,248309,227752,178845,209556,227410,81567,113753,143242,167041,201105,178180,218204,257326,227195,190260,237104
25,10469,AZO,MI,Kalamazoo/Battle Creek International,Kalamazoo,100k-1 million,no,loss,-55.1,at least -30%,34208,32829,41419,41807,29010,2728,9610,11286,11798,20169,23638,23331,17695,19377,16635,17850
26,10529,BDL,CT,Bradley International,Hartford,1-5 million,no,loss,-18.4,at least -10%,744750,865021,827588,824165,617405,95131,199745,233308,273798,568469,712615,697464,579982,735539,750495,753274
27,10558,BFF,NE,Western Neb. Regional/William B. Heilig Field,Scottsbluff,10k-100k,yes,gain,18.1,at least 10%,3973,7603,7941,4773,3426,1152,2836,2140,2030,6065,4886,3460,2890,7850,9441,4092
28,10559,BFI,WA,Boeing Field/King County International,Seattle,10k-100k,no,loss,-1.8,less than -10%,1365,3010,4810,2209,1149,185,1836,908,167,2334,5592,1154,1320,2146,4479,1840
29,10561,BFL,CA,Meadows Field,Bakersfield,100k-1 million,no,gain,2.4,less than 10%,26458,33069,33991,36162,30796,7744,21073,24312,21278,33883,35278,41234,30555,38225,33851,39303
30,10562,BFM,AL,Mobile International,Mobile,10k-100k,no,loss,-100.0,at least -30%,0,5627,9124,6683,4094,17,0,0,56,0,0,0,0,0,0,0
31,10577,BGM,NY,Greater Binghamton/Edwin A. Link Field,Binghamton,10k-100k,no,loss,-60.5,at least -30%,6814,10750,10590,9960,5217,398,1241,1636,1489,2989,2973,2708,2395,3300,3135,4579
32,10581,BGR,ME,Bangor International,Bangor,100k-1 million,no,loss,-6.1,less than -10%,53933,73884,110225,71428,48313,9431,38327,28127,22179,65718,123800,78638,67344,91933,119091,72799
33,10599,BHM,AL,Birmingham-Shuttlesworth International,Birmingham,1-5 million,no,loss,-27.3,at least -20%,349618,415767,389451,400862,276915,51191,139246,169969,157455,282937,319879,343819,286643,346168,359497,360381
34,10613,BID,RI,Block Island State,Block Island,10k-100k,no,loss,-8.9,less than -10%,2367,3893,7784,2801,1715,1420,6720,2488,1771,4457,7107,2959,1881,3878,5460,2971
35,10617,BIH,CA,Bishop Airport,Bishop,less than 10k,no,gain,,other,0,0,0,0,0,0,0,0,0,0,0,1157,7253,250,1916,1328
36,10620,BIL,MT,Billings Logan International,Billings,100k-1 million,no,loss,-25.6,at least -20%,97297,116266,134661,116234,86278,22908,68079,64403,63543,97883,121940,97552,82256,91509,110463,103586
37,10627,BIS,ND,Bismarck Municipal,Bismarck/Mandan,100k-1 million,no,loss,-31.5,at least -30%,74232,77350,78715,79840,66350,13456,32348,38630,42107,53704,59354,58657,57911,60298,62810,61400
38,10631,BJI,MN,Bemidji Regional,Bemidji,10k-100k,yes,loss,-11.9,at least -10%,6966,6989,8236,7150,6475,1036,4588,3852,4532,6243,8045,6570,6130,6353,8061,4720
39,10643,BKG,MO,Branson Airport,Branson,10k-100k,no,loss,-78.8,at least -30%,0,9540,11667,6176,0,966,4245,1855,0,3253,6843,0,0,2791,3208,0
40,10654,BKW,WV,Raleigh County Memorial,Beckley,10k-100k,yes,gain,7.2,less than 10%,1986,1757,4024,3625,2622,580,1748,2473,2067,6003,5447,5367,3598,4914,4357,4717
41,10666,BLI,WA,Bellingham International,Bellingham,100k-1 million,no,gain,10.3,at least 10%,88028,80517,85387,75790,51730,5526,18206,17885,17345,36460,45609,55816,59692,86541,92901,81353
42,10676,BLV,IL,Scott AFB MidAmerica St Louis,Belleville,100k-1 million,no,gain,10.3,at least 10%,32232,47344,43903,29421,29405,20547,32967,25469,26947,46252,51206,35723,32137,52944,46508,31670
43,10685,BMI,IL,Central Il Regional Airport at Bloomington,Bloomington/Normal,100k-1 million,no,loss,-14.4,at least -10%,45939,54505,55320,52817,38933,8142,19811,22868,25622,38281,47294,47205,39230,46796,46191,41282
44,10693,BNA,TN,Nashville International,Nashville,more than 5 million,no,gain,4.2,less than 10%,1891507,2390798,2340886,2352727,1675137,363610,941559,1113052,1051510,2033451,2317662,2330996,1887302,2610185,2661080,2695710
45,10713,BOI,ID,Boise Air Terminal,Boise,1-5 million,no,gain,1.5,less than 10%,463309,517633,557841,540498,396458,86933,242179,270645,278869,458630,571103,514305,460588,551596,627094,600421
46,10721,BOS,MA,Logan International,Boston,more than 5 million,no,loss,-11.6,at least -10%,3560378,4440802,4523157,4263788,2971101,323081,890337,1072327,1089083,2344378,3146198,3297456,2694808,3910765,3981714,3912520
47,10728,BPT,TX,Jack Brooks Regional,Beaumont/Port Arthur,10k-100k,no,loss,-18.6,at least -10%,6464,7236,7671,7685,4960,1878,3296,5730,4067,6257,5349,6024,4721,6640,6422,6916
48,10731,BQK,GA,Brunswick Golden Isles,Brunswick,10k-100k,no,loss,-15.9,at least -10%,8676,10729,10276,10787,8766,926,4077,5348,4832,9944,10600,10429,7430,10756,9312,6651
49,10739,BRD,MN,Brainerd Lakes Regional,Brainerd,10k-100k,yes,gain,14.0,at least 10%,4493,5119,6813,5061,4335,466,3812,2884,3038,4282,6463,4674,4096,4585,7259,5876
50,10747,BRO,TX,Brownsville South Padre Island International,Brownsville,100k-1 million,no,loss,-14.0,at least -10%,29901,36032,31786,27160,23843,5300,13261,18126,22406,27080,32425,31462,25922,34714,34488,31489
51,10779,BTM,MT,Bert Mooney,Butte,10k-100k,yes,loss,-10.6,at least -10%,5815,6189,7174,6748,4557,953,3522,3244,2859,4086,4638,5013,4693,4880,4113,4305
52,10781,BTR,LA,Baton Rouge Metropolitan/Ryan Field,Baton Rouge,100k-1 million,no,loss,-28.0,at least -20%,88729,103783,97409,107725,74789,13856,39592,47662,39963,75584,79447,80135,68319,83788,86876,88839
53,10785,BTV,VT,Burlington International,Burlington,100k-1 million,no,loss,-22.3,at least -20%,148309,167051,199266,171347,122692,11868,44832,32586,30588,81446,137382,132604,117406,150803,180861,151932
54,10792,BUF,NY,Buffalo Niagara International,Buffalo,1-5 million,no,loss,-27.0,at least -20%,532639,649981,683022,595544,406778,55548,115005,127683,156053,346333,463717,459628,397195,533873,594496,477610
55,10800,BUR,CA,Bob Hope,Burbank,1-5 million,no,gain,0.8,less than 10%,629384,774963,825891,823594,583274,77612,180257,179980,141764,403899,657342,741496,620435,832429,844146,777059
56,10821,BWI,MD,Baltimore/Washington International Thurgood Marshall,Baltimore,more than 5 million,no,loss,-20.8,at least -20%,2675000,3415245,3446017,3381977,2228444,529277,1277665,1297595,1335082,2432906,2677957,2565487,2106219,2811820,3018199,2822390
57,10849,BZN,MT,Bozeman Yellowstone International,Bozeman,100k-1 million,no,gain,21.5,at least 20%,193580,176957,254569,158131,186838,24206,135776,98387,161719,223615,372181,221748,275407,260849,361537,238267
58,10868,CAE,SC,Columbia Metropolitan,Columbia,100k-1 million,no,loss,-26.4,at least -20%,142109,173196,166470,167814,119910,23455,64279,65562,55761,100686,134077,129934,106370,141795,135949,129203
59,10874,CAK,OH,Akron-Canton Regional,Akron,100k-1 million,no,loss,-49.4,at least -30%,100755,105496,97873,99630,79237,8370,28230,27260,29522,55051,56287,59926,64590,71055,60166,66438
60,10918,CDC,UT,Cedar City Regional,Cedar City,10k-100k,yes,loss,-18.4,at least -10%,3576,6018,9630,4006,2200,0,1696,2040,1777,3034,3351,3895,2472,3288,2802,2897
61,10967,CGI,MO,Cape Girardeau Regional,Cape Girardeau,10k-100k,yes,loss,-33.6,at least -30%,3239,4565,4723,3931,1825,385,1077,1353,991,2296,2632,3160,1927,3618,3787,1767
62,10980,CHA,TN,Lovell Field,Chattanooga,100k-1 million,no,loss,-34.5,at least -30%,122356,147351,142224,145003,97936,18290,49420,61456,57614,97324,115106,109056,92870,120837,114330,107902
63,10990,CHO,VA,Charlottesville Albemarle,Charlottesville,100k-1 million,no,loss,-36.0,at least -30%,85123,101128,97067,102588,69509,7700,25043,28968,24445,55595,65048,67175,52927,76861,64464,66355
64,10994,CHS,SC,Charleston AFB/International,Charleston,1-5 million,no,loss,-2.2,less than -10%,477643,671562,621326,614506,396319,82107,220852,251646,225518,548131,648475,611944,485033,750063,714642,672787
65,11003,CID,IA,The Eastern Iowa,Cedar Rapids/Iowa City,100k-1 million,no,loss,-20.9,at least -20%,149275,166851,176130,175154,146210,22970,63063,76989,86505,125039,157830,158734,143958,149854,152617,161075
66,11013,CIU,MI,Chippewa County International,Sault Ste. Marie,10k-100k,yes,gain,6.3,less than 10%,5604,5847,7221,5708,4528,700,3020,2365,2431,3879,6473,4525,4504,5598,7521,4574
67,11027,CKB,WV,North Central West Virginia,Clarksburg/Fairmont,10k-100k,yes,gain,14.6,at least 10%,8059,11205,10863,9312,6077,2652,3594,3984,3887,10396,12400,8293,6776,15619,14807,11113
68,11042,CLE,OH,Cleveland-Hopkins International,Cleveland,1-5 million,no,loss,-25.3,at least -20%,1050200,1293951,1306878,1199267,870854,157046,448915,501450,542470,908537,1053002,1025734,913216,1108456,1097252,1051736
69,11049,CLL,TX,Easterwood Field,College Station/Bryan,10k-100k,no,loss,-41.5,at least -30%,17991,20200,20396,23778,16584,2570,8195,11584,8859,16330,19032,20217,11612,14499,12209,13424
70,11057,CLT,NC,Charlotte Douglas International,Charlotte,more than 5 million,no,loss,-16.5,at least -10%,5244829,5706625,5652577,5838082,4654071,1332492,3140365,3417025,3400326,5505715,5505210,5501211,4516315,5495368,5650836,5723026
71,11066,CMH,OH,John Glenn Columbus International,Columbus,1-5 million,no,loss,-21.4,at least -20%,933925,1090607,1058933,1087088,737811,127719,337362,380057,401492,719107,841899,868166,759426,970730,936326,935115
72,11067,CMI,IL,University of Illinois/Willard,Champaign/Urbana,100k-1 million,no,loss,-46.9,at least -30%,21295,26748,26751,28269,19123,2362,5387,7419,7184,14795,16562,15911,11938,16441,15671,18310
73,11076,CMX,MI,Houghton County Memorial,Hancock/Houghton,10k-100k,yes,loss,-6.7,less than -10%,4699,5864,7601,6207,4737,938,3371,2792,3096,4508,7343,5960,4639,5082,6734,6101
74,11092,CNY,UT,Canyonlands Regional,Moab,10k-100k,yes,gain,7.8,less than 10%,2563,4876,4639,4436,1556,842,3212,2710,1511,6255,6157,6136,2637,5290,4991,5891
75,11097,COD,WY,Yellowstone Regional,Cody,10k-100k,yes,loss,-12.1,at least -10%,5618,9651,17619,8492,5223,1335,8902,5034,3157,9830,16327,8032,6722,11880,11234,7948
76,11109,COS,CO,City of Colorado Springs Municipal,Colorado Springs,100k-1 million,no,gain,9.3,less than 10%,170522,219640,244140,223883,155480,21436,90510,97892,115779,269503,315671,282616,229211,301450,317994,277684
77,11111,COU,MO,Columbia Regional,Columbia,100k-1 million,no,loss,-47.7,at least -30%,25721,29535,35395,37152,24429,2878,11167,10837,8516,18601,26958,24049,14739,22327,20519,21057
78,11122,CPR,WY,Casper/Natrona County International,Casper,10k-100k,no,loss,-23.6,at least -20%,20178,24853,26942,25480,17705,3789,11196,11930,10679,17510,21526,17418,13710,17894,19818,21597
79,11140,CRP,TX,Corpus Christi International,Corpus Christi,100k-1 million,no,loss,-11.7,at least -10%,73308,88569,81957,85200,62020,15021,36031,47926,47600,80941,80314,78974,65148,86662,84471,83803
80,11146,CRW,WV,West Virginia International Yeager,Charleston/Dunbar,100k-1 million,no,loss,-36.8,at least -30%,47319,60720,59852,57718,40427,7087,21962,22342,20693,42831,45282,39564,34499,43797,41624,43986
81,11150,CSG,GA,Columbus Airport,Columbus,10k-100k,no,gain,58.2,at least 30%,10755,14832,13935,12815,8811,1188,6237,6160,5833,9642,13748,19513,17183,21735,19670,18375
82,11193,CVG,KY,Cincinnati/Northern Kentucky International,Cincinnati,1-5 million,no,loss,-26.3,at least -20%,921311,1162764,1140276,1069779,761993,154764,373065,422960,459020,807960,896089,878215,737962,964164,980929,946472
83,11197,CVN,NM,Clovis Regional,Clovis,less than 10k,yes,loss,-35.3,at least -30%,997,1206,1636,1535,1104,254,559,726,799,1569,2304,2903,2715,3627,3369,3402
84,11203,CWA,WI,Central Wisconsin,Mosinee,100k-1 million,no,loss,-47.8,at least -30%,29982,34735,39071,34444,27537,3282,12707,12344,13125,23127,35632,25417,18753,19316,20094,18523
85,11233,CYS,WY,Cheyenne Regional/Jerry Olson Field,Cheyenne,10k-100k,no,gain,15.2,at least 10%,2817,8276,8929,3254,2630,25,339,797,1222,224,0,2715,2921,5326,7163,6286
86,11252,DAB,FL,Daytona Beach International,Daytona Beach,100k-1 million,no,loss,-19.3,at least -10%,85865,90607,80218,79878,72761,12341,37721,38244,49729,81202,74858,67611,73662,78854,62277,65609
87,11259,DAL,TX,Dallas Love Field,Dallas,more than 5 million,no,loss,-11.6,at least -10%,1975396,2136535,2097533,2175383,1584774,424084,843649,959391,984260,1784477,1929956,2006733,1704659,2095916,2079722,2158236
88,11267,DAY,OH,James M Cox/Dayton International,Dayton,100k-1 million,no,loss,-40.3,at least -30%,191521,225021,215205,211949,148436,27137,68931,72327,72744,134456,163219,145708,121952,159713,140557,134239
89,11274,DBQ,IA,Dubuque Regional,Dubuque,10k-100k,no,loss,-55.2,at least -30%,8190,9454,9509,9368,6972,1026,2898,153,1617,4501,5250,6627,4134,6244,4060,0
90,11278,DCA,VA,Ronald Reagan Washington National,Washington,more than 5 million,no,gain,1.2,less than 10%,2541307,3066780,2890997,2935012,2089856,260584,666037,601906,580313,1619858,2035763,2489997,2172041,3152090,3056009,3055475
91,11288,DEC,IL,Decatur Airport,Decatur,less than 10k,yes,loss,-45.4,at least -30%,1778,2223,2286,2198,1436,222,845,1045,750,2059,2997,3066,1885,4978,5616,4450
92,11292,DEN,CO,Denver International,Denver,more than 5 million,no,loss,-3.8,less than -10%,6985495,8291250,8991067,8047898,6034012,1362036,4074575,4441454,4523802,7202424,8487481,7742503,6791407,8264943,8898459,8461540
93,11298,DFW,TX,Dallas/Fort Worth International,Dallas/Fort Worth,more than 5 million,no,loss,-9.8,less than -10%,6976679,8045073,8326512,7885758,6121998,1783933,4405151,4660117,4379886,7206185,7813652,7720111,6403531,8220090,8148178,7880146
94,11308,DHN,AL,Dothan Regional,Dothan,10k-100k,no,loss,-32.5,at least -30%,13175,15254,14656,15081,11946,1279,3837,6796,6158,10147,10283,10501,9032,11098,10669,7516
95,11315,DIK,ND,Dickinson - Theodore Roosevelt Regional,Dickinson,10k-100k,yes,loss,-6.4,less than -10%,4982,5953,6423,6543,5217,1009,2514,2637,1943,4519,5184,5794,4766,5177,6073,5590
96,11337,DLH,MN,Duluth International,Duluth,100k-1 million,no,loss,-29.7,at least -20%,30604,37638,46724,39414,32644,2782,15150,13896,16397,24839,36849,30340,31811,31982,27479,26533
97,11413,DRO,CO,Durango La Plata County,Durango,100k-1 million,no,loss,-15.4,at least -10%,42734,47394,57682,47930,40680,7045,25775,26009,29792,48787,70245,57032,40528,48099,44701,50142
98,11415,DRT,TX,Del Rio International,Del Rio,10k-100k,no,loss,-4.3,less than -10%,4706,5875,5897,5961,4459,1109,2562,205,2028,5459,6152,6240,4705,6530,7818,7576
99,11423,DSM,IA,Des Moines International,Des Moines,1-5 million,no,loss,-19.7,at least -10%,338150,377265,366969,355130,295150,51653,138054,152011,166287,265505,319646,315721,293558,366856,369867,350819
100,11433,DTW,MI,Detroit Metro Wayne County,Detroit,more than 5 million,no,loss,-28.6,at least -20%,3584661,4219592,4396724,4109250,3033508,459431,1361290,1540519,1687341,2808278,3346979,3193530,2780738,3383336,3314931,3192738
101,11447,DVL,ND,Devils Lake Regional,Devils Lake,less than 10k,yes,gain,4.0,less than 10%,1983,2188,2769,2417,1924,492,1559,1316,1385,2100,2676,2561,2183,3480,3000,2698
102,11468,EAR,NE,Kearney Regional,Kearney,10k-100k,yes,gain,5.0,less than 10%,3561,4947,6056,6745,6734,569,1853,2702,2850,6206,8103,8094,6506,6039,5709,3955
103,11470,EAT,WA,Pangborn Memorial,Wenatchee,10k-100k,no,loss,-48.7,at least -30%,14335,15600,17094,17581,11900,2753,5801,7641,8998,12685,15179,11476,10544,10158,9376,4752
104,11471,EAU,WI,Chippewa Valley Regional,Eau Claire,10k-100k,yes,loss,-29.2,at least -20%,5141,5414,6222,5813,4366,796,1938,2101,2861,4621,5707,5411,5448,4396,3312,2995
105,11481,ECP,FL,Northwest Florida Beaches International,Panama City,100k-1 million,no,gain,11.9,at least 10%,122872,186187,183876,135402,105126,53691,138282,107831,113439,264425,267051,168096,145345,227507,224033,158182
106,11503,EGE,CO,Eagle County Regional,Eagle,100k-1 million,no,gain,22.9,at least 20%,122596,12775,27924,27448,108929,1877,13479,18991,96334,27297,45536,32138,118386,27013,31954,37221
107,11525,EKO,NV,Elko Regional,Elko,10k-100k,no,loss,-46.3,at least -30%,4594,5236,5072,5064,3851,595,2752,3153,2672,4275,4291,4388,2032,2153,2114,2144
108,11537,ELM,NY,Elmira/Corning Regional,Elmira/Corning,100k-1 million,no,loss,-63.3,at least -30%,36376,38518,41435,40056,30942,5065,6515,8842,11853,18551,22890,23626,22704,20649,19173,19291
109,11540,ELP,TX,El Paso International,El Paso,1-5 million,no,loss,-8.4,less than -10%,385332,475967,458364,458196,307525,66403,170375,184882,193462,358138,422153,452623,372933,497969,513143,534173
110,11577,ERI,PA,Erie International/Tom Ridge Field,Erie,100k-1 million,no,loss,-45.4,at least -30%,22226,27528,29739,27083,19948,3355,12723,10246,9434,18629,21281,19600,13944,15816,16074,15991
111,11587,ESC,MI,Delta County,Escanaba,10k-100k,yes,gain,14.5,at least 10%,4437,4232,5512,4545,3708,291,2116,2070,2270,3353,4743,4414,4237,4942,6521,4883
112,11603,EUG,OR,Mahlon Sweet Field,Eugene,100k-1 million,no,gain,5.5,less than 10%,115461,148372,166744,161094,109978,24224,59647,70860,69541,134766,173951,183207,152187,200067,222171,203762
113,11612,EVV,IN,Evansville Regional,Evansville,100k-1 million,no,loss,-51.7,at least -30%,52999,65983,63242,60805,43836,9036,24734,26983,23282,44188,51507,45955,33547,43064,39598,36366
114,11617,EWN,NC,Coastal Carolina Regional,New Bern/Morehead/Beaufort,100k-1 million,no,loss,-51.1,at least -30%,25674,28795,28761,30974,21641,5998,14672,13770,10233,21735,22268,22055,14117,18221,18842,13013
115,11618,EWR,NJ,Newark Liberty International,Newark,more than 5 million,no,loss,-9.0,less than -10%,3639825,4118946,4141197,4191131,3221815,258370,1096275,1529781,1601880,2614306,3204314,3862049,3261664,4135895,3894130,4206388
116,11624,EYW,FL,Key West International,Key West,100k-1 million,no,gain,10.7,at least 10%,145081,123864,99844,114721,150844,16338,62284,93396,153448,210330,180841,178937,205622,191472,143720,152031
117,11637,FAR,ND,Hector International,Fargo,100k-1 million,no,loss,-16.6,at least -10%,118043,114733,118952,123975,114898,16113,51506,58416,75877,94078,116395,117134,115547,106364,114078,122541
118,11638,FAT,CA,Fresno Yosemite International,Fresno,100k-1 million,no,loss,-16.1,at least -10%,172329,219171,220380,217043,154060,37351,96239,114076,100869,225437,269183,235083,185572,247944,260774,224868
119,11641,FAY,NC,Fayetteville Regional/Grannis Field,Fayetteville,100k-1 million,no,loss,-29.4,at least -20%,52020,56173,53691,55171,43871,11677,32872,32783,31478,54098,53267,48001,35294,45123,45398,39064
120,11648,FCA,MT,Glacier Park International,Kalispell,100k-1 million,no,loss,-6.4,less than -10%,60199,74056,156718,64879,61268,13243,94699,46408,59498,92206,189933,76529,81264,95635,170036,73807
121,11695,FLG,AZ,Flagstaff Pulliam,Flagstaff,100k-1 million,no,loss,-19.5,at least -10%,16066,34626,34113,34221,23841,3423,14040,19895,16326,32380,32685,32795,18376,25836,24411,22724
122,11697,FLL,FL,Fort Lauderdale-Hollywood International,Fort Lauderdale,more than 5 million,no,loss,-16.4,at least -10%,3710111,3573753,3074192,3428819,3323666,426514,1147329,1731679,2373972,3355937,3031446,2916618,3110940,3304794,2833687,3056100
123,11699,FLO,SC,Florence Regional,Florence,10k-100k,no,loss,-36.1,at least -30%,9205,11606,11509,11678,7334,2280,3727,257,1983,5684,6674,8932,7190,7674,7440,7036
124,11719,FNL,CO,Northern Colorado Regional,Fort Collins/Loveland,less than 10k,no,gain,,other,0,0,0,0,0,0,0,0,0,0,0,2671,5221,4842,107,0
125,11721,FNT,MI,Bishop International,Flint,100k-1 million,no,loss,-25.1,at least -20%,80605,71504,70237,78632,83363,16748,34766,41762,54539,58978,58982,68011,87338,82759,65812,63275
126,11762,FRD,WA,Friday Harbor Airport,Friday Harbor,10k-100k,no,loss,-1.9,less than -10%,1387,2884,5234,1969,1122,166,2078,942,190,2355,6668,1023,1135,1969,5671,1536
127,11775,FSD,SD,Joe Foss Field,Sioux Falls,100k-1 million,no,loss,-10.9,at least -10%,139201,143029,141369,153466,127852,22406,65879,77805,91216,125971,135601,146586,146010,157587,149111,152234
128,11778,FSM,AR,Fort Smith Regional,Fort Smith,10k-100k,no,loss,-35.1,at least -30%,19349,23941,24395,24709,16264,2920,8397,9461,8829,14096,10447,12722,11585,16776,16429,15124
129,11823,FWA,IN,Fort Wayne International,Fort Wayne,100k-1 million,no,loss,-23.6,at least -20%,94944,101610,99182,106079,84640,21943,50674,57284,59622,87709,90416,96930,86758,92120,86620,92710
130,11865,GCC,WY,Northeast Wyoming Regional,Gillette,10k-100k,no,loss,-18.3,at least -10%,5938,6975,7745,8822,5988,1547,3361,4298,3680,5730,7366,7040,5814,6186,6013,6226
131,11867,GCK,KS,Garden City Regional,Garden City,10k-100k,yes,gain,1.0,less than 10%,5954,6019,6584,6649,5217,1384,4380,5140,4799,7426,7231,7605,6551,7768,7599,7312
132,11884,GEG,WA,Spokane International,Spokane,1-5 million,no,loss,-10.1,at least -10%,431070,470553,542807,506030,363427,79371,236320,237351,242360,405466,513548,429888,392769,476237,550859,489154
133,11898,GFK,ND,Grand Forks International,Grand Forks,100k-1 million,no,loss,-33.2,at least -30%,30986,27614,27930,29549,24715,2049,8541,11092,14799,16007,17419,18388,24817,21878,16929,24076
134,11905,GGG,TX,East Texas Regional,Longview,10k-100k,no,loss,-18.0,at least -10%,5384,8070,8057,7295,4423,1528,3848,4839,4121,6853,6588,6502,4897,7913,7056,6333
135,11921,GJT,CO,Grand Junction Regional,Grand Junction,100k-1 million,no,loss,-25.1,at least -20%,54749,71552,67596,68428,54835,10720,35605,40377,37871,69501,84225,70173,47800,60558,65054,58785
136,11953,GNV,FL,Gainesville Regional,Gainesville,100k-1 million,no,loss,-28.9,at least -20%,63138,68543,64590,73644,58646,10059,25149,30089,29786,50046,54135,63344,57428,72847,65808,66091
137,11973,GPT,MS,Gulfport-Biloxi International,Gulfport/Biloxi,100k-1 million,no,loss,-18.3,at least -10%,63024,74163,71349,77342,55801,13625,34186,39953,35040,57921,62189,63047,52164,66556,63332,62049
138,11977,GRB,WI,Green Bay Austin Straubel International,Green Bay,100k-1 million,no,loss,-22.2,at least -20%,70750,86669,95615,87770,64631,5311,33956,33689,44817,62258,82900,68755,71100,74455,76908,72953
139,11980,GRI,NE,Central Nebraska Regional,Grand Island,10k-100k,yes,loss,-17.3,at least -10%,17442,17101,17115,17198,13053,3156,8776,11137,11568,13754,13457,15980,15397,14662,16464,18331
140,11982,GRK,TX,Robert Gray AAF,Killeen,100k-1 million,no,loss,-38.9,at least -30%,33222,38660,38237,35821,29470,8440,21400,25225,19856,37647,37824,32715,23633,27526,24173,22428
141,11986,GRR,MI,Gerald R. Ford International,Grand Rapids,1-5 million,no,loss,-22.9,at least -20%,448399,431299,460994,457064,389998,61305,196961,212392,264075,349116,430626,413022,418440,417869,452191,437868
142,11995,GSO,NC,Piedmont Triad International,Greensboro/High Point,1-5 million,no,loss,-34.2,at least -30%,231121,289498,279628,281903,193021,26114,79563,84648,69478,148287,194778,214496,160841,215209,208083,208155
143,11996,GSP,SC,Greenville-Spartanburg International,Greer,1-5 million,no,loss,-22.1,at least -20%,268334,333091,334602,340945,229765,41552,119290,125413,110654,221491,273099,288093,228322,292338,285499,283456
144,12003,GTF,MT,Great Falls International,Great Falls,100k-1 million,no,loss,-27.0,at least -20%,37029,43639,50665,43109,30972,6066,21148,21146,21090,35480,43630,32428,30406,34588,36758,40077
145,12007,GTR,MS,Golden Triangle Regional,Columbus,10k-100k,no,loss,-14.3,at least -10%,10580,12463,13053,13778,10178,964,4174,5228,4972,9588,9758,10216,9188,11083,10256,10505
146,12012,GUC,CO,Gunnison-Crested Butte Regional,Gunnison,10k-100k,no,gain,24.7,at least 20%,17579,3800,9694,5160,17523,301,5888,4828,14994,5212,10598,7952,23107,7445,13101,7115
147,12094,HDN,CO,Yampa Valley,Hayden,100k-1 million,no,gain,42.4,at least 30%,74106,7074,9548,15629,66920,852,6716,13294,71666,19190,27967,33925,116931,22004,28702,32966
148,12119,HGR,MD,Hagerstown Regional-Richard A. Henson Field,Hagerstown,10k-100k,no,loss,-81.8,at least -30%,5078,8603,9227,6154,3738,2914,4601,3072,2467,6302,8650,5687,6654,10020,9207,6171
149,12124,HHH,SC,Hilton Head Airport,Hilton Head,100k-1 million,no,gain,0.1,less than 10%,12442,33164,36812,27812,23760,7172,23446,19191,19653,59635,65325,31723,17132,37728,35429,24051
150,12129,HIB,MN,Range Regional,Hibbing,10k-100k,yes,gain,2.1,less than 10%,4167,3912,4815,4269,3407,589,2215,1813,2119,3116,4100,2985,3057,2874,3733,3199
151,12156,HLN,MT,Helena Regional,Helena,100k-1 million,no,loss,-35.3,at least -30%,27400,28992,32645,29263,21621,4623,10521,10209,10307,15356,23382,22397,19624,22144,20633,19922
152,12177,HOB,NM,Lea County Regional,Hobbs,10k-100k,no,loss,-23.1,at least -20%,5801,6473,6943,8548,6853,488,707,1032,907,2343,3333,5387,4343,4207,4496,4831
153,12191,HOU,TX,William P Hobby,Houston,more than 5 million,no,loss,-15.4,at least -10%,1592131,1790575,1701546,1745500,1265526,292988,661659,835406,912775,1478861,1502286,1489778,1293362,1624772,1642201,1624986
154,12197,HPN,NY,Westchester County,White Plains,100k-1 million,no,gain,1.5,less than 10%,193230,219680,224610,226042,173298,1246,13238,47091,78730,139812,141394,174219,163410,217106,252404,259593
155,12206,HRL,TX,Valley International,Harlingen/San Benito,100k-1 million,no,gain,4.4,less than 10%,87257,88129,79795,79574,80448,15410,30800,45630,53452,76037,88228,88899,91953,116568,108915,111283
156,12217,HSV,AL,Huntsville International-Carl T Jones Field,Huntsville,100k-1 million,no,loss,-19.7,at least -10%,153560,190048,185753,184213,129640,19198,59982,67620,59684,115014,138110,149826,119888,161183,155715,155514
157,12223,HTS,WV,Tri-State/Milton J. Ferguson Field,Ashland,100k-1 million,no,loss,-28.5,at least -20%,17465,33891,31852,23743,16615,13076,17636,10342,10359,28892,31061,23085,12870,28465,30235,17922
158,12244,HVN,CT,Tweed New Haven,New Haven,10k-100k,no,gain,166.5,at least 30%,9124,12439,13223,13856,7239,1290,2693,145,573,3359,3777,21851,48645,76282,115069,111694
159,12250,HYA,MA,Cape Cod Gateway,Hyannis,10k-100k,no,loss,-53.3,at least -30%,3500,5444,11358,3769,2241,1268,3960,2210,1980,3743,10171,3349,2012,4189,7775,1245
160,12255,HYS,KS,Hays Regional,Hays,10k-100k,yes,loss,-43.1,at least -30%,5787,7032,7384,7355,4720,875,2481,1271,1527,2885,3309,3365,2669,4567,4104,4586
161,12264,IAD,VA,Washington Dulles International,Washington,more than 5 million,no,loss,-18.1,at least -10%,1630586,2091155,2079662,2002298,1368617,219012,570880,774981,735233,1242225,1838649,1778714,1331062,1810327,1773166,1796995
162,12265,IAG,NY,Niagara Falls International,Niagara Falls,100k-1 million,no,loss,-53.6,at least -30%,35487,31090,27593,27847,30137,4549,3259,4142,6336,10927,12228,12977,14232,17109,12856,14254
163,12266,IAH,TX,George Bush Intercontinental/Houston,Houston,more than 5 million,no,loss,-17.4,at least -10%,3882148,4328398,4129339,4190696,3267465,466147,1328422,1893971,1945694,3327083,3927057,3919529,3331738,3967475,3872214,4126304
164,12278,ICT,KS,Wichita Dwight D Eisenhower National,Wichita,100k-1 million,no,loss,-16.2,at least -10%,190329,238003,227741,222997,159843,36507,91171,103658,90773,170295,189827,186422,151503,209669,218264,208687
165,12280,IDA,ID,Idaho Falls Regional,Idaho Falls,100k-1 million,no,gain,60.7,at least 30%,38769,44165,52818,41588,33269,11278,28115,28876,29219,46287,76185,68090,53169,98476,89986,68042
166,12323,ILM,NC,Wilmington International,Wilmington,100k-1 million,no,loss,-8.6,less than -10%,107680,146275,146286,140694,97113,19188,66700,62760,55836,122470,156304,129293,89126,145720,158792,143623
167,12335,IMT,MI,Ford,Iron Mountain/Kingsfd,10k-100k,yes,gain,8.1,less than 10%,4961,5220,6618,5407,4236,931,2888,2409,2188,3311,5050,4314,3893,5165,6773,5504
168,12339,IND,IN,Indianapolis International,Indianapolis,1-5 million,no,loss,-19.3,at least -10%,1076590,1234355,1161551,1200378,872424,179755,432015,501757,531033,908744,990161,1058356,934684,1113896,1063537,1088115
169,12343,INL,MN,Falls International Einarson Field,International Falls,10k-100k,yes,loss,-13.2,at least -10%,3078,4406,6830,2752,2927,203,1540,872,1041,1731,3724,1761,1890,2921,5498,1642
170,12365,IPT,PA,Williamsport Regional,Williamsport,10k-100k,no,loss,-100.0,at least -30%,3278,4749,6589,5640,3249,853,2595,150,460,1511,2139,0,0,0,0,0
171,12391,ISP,NY,Long Island MacArthur,Islip,100k-1 million,no,loss,-19.2,at least -10%,189683,179202,195532,216203,161142,15624,31549,55454,70867,134645,168484,182517,170836,168973,143850,133156
172,12397,ITH,NY,Ithaca Tompkins International,Ithaca/Cortland,100k-1 million,no,loss,-51.2,at least -30%,21913,27494,29658,30171,19362,2669,4710,6340,3791,12628,20458,20974,11831,17820,15510,11165
173,12441,JAC,WY,Jackson Hole,Jackson,100k-1 million,no,loss,-0.8,less than -10%,123359,80317,174483,65297,107467,11529,101544,55455,105980,107820,202635,80816,141220,10909,173334,74047
174,12448,JAN,MS,Jackson Medgar Wiley Evers International,Jackson/Vicksburg,100k-1 million,no,gain,2.7,less than 10%,124349,147855,140577,138216,94348,17588,48440,53800,50154,116670,157808,160694,126559,172193,163604,170254
175,12451,JAX,FL,Jacksonville International,Jacksonville,1-5 million,no,loss,-17.5,at least -10%,810940,954859,872983,875767,631564,126187,291799,331905,332017,651484,697394,757644,671473,859684,807367,849118
176,12478,JFK,NY,John F. Kennedy International,New York,more than 5 million,no,gain,5.2,less than 10%,3286860,3692580,3673650,3456640,2589813,206108,533084,782648,975001,2140528,2804444,3024972,2829244,3688237,3786653,3691604
177,12511,JLN,MO,Joplin Regional,Joplin,10k-100k,no,loss,-52.9,at least -30%,8052,11011,14195,14367,10581,1971,6026,6379,4923,6062,8078,7417,4781,5627,5311,4943
178,12519,JMS,ND,Jamestown Regional,Jamestown,10k-100k,yes,loss,-24.6,at least -20%,4370,4423,5632,4828,4299,764,2732,2765,3431,5277,5754,5924,4941,4122,4472,4290
179,12544,USA,NC,Concord Padgett Regional,Concord,100k-1 million,no,loss,-39.1,at least -30%,34094,49959,47028,48045,32854,11772,19167,22360,17786,41567,40311,38404,29835,33990,27441,31333
180,12884,LAN,MI,Capital Region International,Lansing,100k-1 million,no,loss,-50.9,at least -30%,37345,40794,40705,44111,31980,3194,10927,12173,12577,22114,27946,27252,18115,21063,18458,20829
181,12888,LAR,WY,Laramie Regional,Laramie,10k-100k,yes,loss,-2.0,less than -10%,3539,4461,5156,5068,3591,587,2411,2346,1933,4533,4942,4763,3447,4185,4601,4474
182,12889,LAS,NV,Harry Reid International,Las Vegas,more than 5 million,no,gain,3.1,less than 10%,5328029,5943773,5922452,5783433,4587863,730504,2398096,2545188,2697832,4852527,5574392,5629212,5023242,6221878,6530159,6475196
183,12891,LAW,OK,Lawton-Fort Sill Regional,Lawton/Fort Sill,10k-100k,no,loss,-13.9,at least -10%,10911,14022,13823,12869,9057,2193,5288,5456,3697,10859,12879,11413,7631,12355,10627,10486
184,12892,LAX,CA,Los Angeles International,Los Angeles,more than 5 million,no,loss,-23.3,at least -20%,7020349,7962083,8105330,7475025,5558397,799300,2131181,2471442,2464431,5095486,6211428,6098320,5210607,6551358,6482261,6306087
185,12896,LBB,TX,Lubbock Preston Smith International,Lubbock,100k-1 million,no,loss,-16.8,at least -10%,118765,138934,136837,141526,99087,24619,60230,70680,65315,106604,113721,121644,97813,128393,134345,133170
186,12898,LBE,PA,Arnold Palmer Regional,Latrobe,100k-1 million,no,loss,-19.7,at least -10%,40188,43326,37612,34303,33072,4252,11166,13687,17921,43703,31502,29407,32699,32372,35166,22323
187,12899,LBF,NE,North Platte Regional Airport Lee Bird Field,North Platte,10k-100k,yes,gain,7.0,less than 10%,3261,4200,4427,4082,2953,1258,3060,2040,2122,3721,4244,3723,3325,2761,3395,3980
188,12902,LBL,KS,Liberal Mid-America Regional,Liberal,less than 10k,yes,loss,-1.3,less than -10%,1286,1649,1813,2175,1187,208,723,808,825,1667,1949,2126,1427,3921,3503,3563
189,12915,LCH,LA,Lake Charles Regional,Lake Charles,10k-100k,no,loss,-11.2,at least -10%,13090,15866,16281,17853,13736,4254,8587,5577,8665,13660,14451,15999,12649,16015,16418,16259
190,12917,LCK,OH,Rickenbacker International,Columbus,100k-1 million,no,loss,-6.3,less than -10%,25819,51122,44827,29727,24299,22808,31203,25936,24063,44487,47770,31447,24405,50652,44951,26995
191,12932,LEB,NH,Lebanon Municipal,Lebanon-Hanover,10k-100k,yes,loss,-0.6,less than -10%,1986,2534,2773,2798,1673,281,897,805,743,2035,2367,2347,1633,2640,2740,2596
192,12945,LEX,KY,Blue Grass,Lexington,100k-1 million,no,loss,-27.0,at least -20%,150422,189405,178049,187044,127492,26518,59289,70921,63781,123195,133005,140851,114956,161356,149259,146434
193,12951,LFT,LA,Lafayette Regional Paul Fournet Field,Lafayette,100k-1 million,no,loss,-3.5,less than -10%,58927,71709,68264,66069,46135,10480,29850,34017,30687,57468,59339,59085,45137,64467,56448,58622
194,12953,LGA,NY,LaGuardia,New York,more than 5 million,no,loss,-2.9,less than -10%,3071482,3788126,3779160,3647544,2475040,200679,545803,725581,809102,1659269,2223803,2985402,2595094,3711464,3744046,3678899
195,12954,LGB,CA,Long Beach Airport,Long Beach,1-5 million,no,loss,-4.1,less than -10%,391848,444120,462101,452865,339188,20024,68982,89443,112269,294829,315442,383828,359742,447895,452180,426807
196,12992,LIT,AR,Bill and Hillary Clinton Nat Adams Field,Little Rock,1-5 million,no,loss,-18.8,at least -10%,237413,299763,287220,280865,191560,43821,110008,126960,118951,229334,247275,248016,192846,271819,273894,270815
197,13002,LKE,WA,Lake Union Terminal,Seattle,10k-100k,no,loss,-28.8,at least -20%,1516,4060,4151,1811,924,317,3865,310,43,3881,7974,1171,961,2257,5924,1502
198,13029,LNK,NE,Lincoln Airport,Lincoln,100k-1 million,no,loss,-41.9,at least -30%,36542,43095,42164,41398,31026,3560,7834,8189,7500,18963,32444,30077,17156,21540,24643,27928
199,13061,LRD,TX,Laredo International,Laredo,10k-100k,no,loss,-19.8,at least -10%,19809,24131,22841,24037,17858,3377,8636,12116,11225,23855,26061,26566,22944,29442,30158,27756
200,13076,LSE,WI,La Crosse Regional,La Crosse,10k-100k,no,loss,-35.0,at least -30%,18851,24898,27352,23712,18406,2466,10813,11190,12442,21054,24564,22010,17697,16083,16754,11852
201,13121,LWB,WV,Greenbrier Valley,Lewisburg,10k-100k,yes,loss,-4.1,less than -10%,1311,3378,4640,3338,1118,269,1318,1081,515,2876,4393,2609,1804,5273,4985,2574
202,13127,LWS,ID,Lewiston Nez Perce County,Lewiston,10k-100k,no,gain,3.4,less than 10%,7629,9612,10654,10127,5417,920,4257,4818,4190,7496,9052,9983,9030,11954,11652,8982
203,13139,LYH,VA,Lynchburg Regional/Preston Glenn Field,Lynchburg,10k-100k,no,loss,-18.3,at least -10%,19746,22963,21924,26461,19331,4079,8026,12836,12059,19696,18511,18665,17300,18469,21014,18590
204,13158,MAF,TX,Midland International Air and Space Port,Midland/Odessa,100k-1 million,no,loss,-10.4,at least -10%,151825,180040,176790,181429,128651,33858,74473,90503,87566,137669,143796,155575,130107,174674,183661,173798
205,13184,MBS,MI,MBS International,Saginaw/Bay City/Midland,100k-1 million,no,loss,-44.8,at least -30%,31169,33618,34196,33599,24476,1468,10540,10689,10803,16572,20884,19297,17111,19059,16788,16303
206,13198,MCI,MO,Kansas City International,Kansas City,more than 5 million,no,loss,-20.5,at least -20%,1310747,1563918,1528356,1445932,1016345,195564,469875,512951,532037,997461,1170658,1141834,957795,1295078,1316394,1285970
207,13203,MCN,GA,Middle Georgia Regional,Macon,10k-100k,yes,loss,-19.0,at least -10%,3532,4048,3993,3518,2637,759,1623,1854,1413,3829,2977,3076,2269,3156,3415,3128
208,13204,MCO,FL,Orlando International,Orlando,more than 5 million,no,gain,0.9,less than 10%,5396343,5486186,4927403,5423692,4907303,643101,1652636,2541773,3313842,5180516,5022805,5260054,5276014,5680710,5295156,5646423
209,13230,MDT,PA,Harrisburg International,Harrisburg,100k-1 million,no,loss,-25.7,at least -20%,159677,201387,195484,194430,148163,26637,73003,68003,70206,132252,160782,148641,136300,166015,161373,160295
210,13232,MDW,IL,Chicago Midway International,Chicago,more than 5 million,no,loss,-8.2,less than -10%,2071308,2622519,2652635,2515513,1581030,524556,1021273,1074625,1146290,2003142,2386528,2051752,1605468,2489253,2940993,2510428
211,13241,MEI,MS,Key Field,Meridian,10k-100k,yes,loss,-17.4,at least -10%,5538,6518,6967,5665,3857,1891,1625,1780,1671,3257,3094,4058,3297,7039,4842,5533
212,13244,MEM,TN,Memphis International,Memphis,1-5 million,no,loss,-23.2,at least -20%,497067,627373,589194,612708,419276,91080,237294,276011,260717,492623,511838,538556,436231,598969,571406,573739
213,13256,MFE,TX,McAllen Miller International,Mission/McAllen/Edinburg,100k-1 million,no,loss,-19.6,at least -10%,89406,110770,108583,104402,81923,16165,35947,49978,62532,110116,131799,112380,95028,110964,122664,119912
214,13264,MFR,OR,Rogue Valley International - Medford,Medford,100k-1 million,no,loss,-13.0,at least -10%,104790,135408,150852,137025,87633,24760,63381,68986,63402,116815,136701,120189,99871,134918,145530,124136
215,13277,MGM,AL,Montgomery Regional,Montgomery,100k-1 million,no,loss,-29.7,at least -20%,44195,51997,49912,49912,39137,6638,19300,20999,18458,35125,38486,38044,30819,44237,40005,37350
216,13290,MHK,KS,Manhattan Regional,Manhattan/Ft. Riley,10k-100k,no,loss,-12.3,at least -10%,16288,20414,19262,21859,14525,2548,6714,8331,6342,14541,17507,18821,14394,20096,19146,20343
217,13296,MHT,NH,Manchester Boston Regional,Manchester,100k-1 million,no,loss,-32.1,at least -30%,187690,223323,226229,217807,147716,28619,75305,58477,52112,113193,154933,158111,133949,160647,187882,161986
218,13303,MIA,FL,Miami International,Miami,more than 5 million,no,gain,17.9,at least 10%,2905446,2669826,2517412,2698264,2626096,398293,947027,1278283,1972970,3128313,2998162,3483949,3740077,3715131,3382287,3299536
219,13342,MKE,WI,General Mitchell International,Milwaukee,1-5 million,no,loss,-23.4,at least -20%,801438,862492,887326,830523,618894,104586,269279,279326,350439,540561,681349,673313,643647,677759,675736,660166
220,13344,MKG,MI,Muskegon County,Muskegon,10k-100k,yes,gain,8.3,less than 10%,3866,4319,6405,4458,2668,525,1489,1092,898,2843,5484,3337,1896,3458,4617,1121
221,13360,MLB,FL,Melbourne Orlando International,Melbourne,100k-1 million,no,loss,-7.3,less than -10%,64847,61922,54063,58807,56358,7782,20001,25872,28567,46755,46376,54355,57773,60867,47186,54000
222,13367,MLI,IL,Quad Cities International,Moline,100k-1 million,no,loss,-33.4,at least -30%,85530,91180,86873,90485,70168,11590,30492,36860,40880,61721,70022,73192,65220,72098,64053,67160
223,13377,MLU,LA,Monroe Regional,Monroe,100k-1 million,no,loss,-31.7,at least -30%,25051,29643,29207,29982,22571,4253,12963,14880,12787,22632,23014,23649,18845,23113,22747,22633
224,13388,MMH,CA,Mammoth Lakes Airport,Mammoth Lakes,10k-100k,no,loss,-17.0,at least -10%,7909,3428,2833,2994,6775,0,0,0,0,0,0,316,1883,793,657,653
225,13422,MOB,AL,Mobile Regional,Mobile,100k-1 million,no,loss,-30.1,at least -30%,74644,88983,80777,84689,67759,12496,38634,39401,36890,65956,67151,65875,57405,75430,64669,64478
226,13433,MOT,ND,Minot International,Minot,100k-1 million,no,loss,-22.3,at least -20%,39068,38925,42281,42974,34057,6753,20898,22975,22379,32319,34456,36727,33663,33820,35473,35862
227,13459,MQT,MI,Sawyer International,Marquette,10k-100k,no,loss,-23.0,at least -20%,12297,14255,18256,14252,9676,1714,8865,6601,6805,12146,18433,14143,11214,11526,11986,7817
228,13476,MRY,CA,Monterey Regional,Monterey,100k-1 million,no,loss,-13.7,at least -10%,46839,61506,64685,59993,40991,5813,18009,20948,17904,45994,59668,60049,43829,59564,62649,58156
229,13485,MSN,WI,Dane County Regional-Truax Field,Madison,1-5 million,no,loss,-26.7,at least -20%,264718,294601,307183,295368,237094,21423,77694,78570,95518,158645,215510,226503,203081,229931,239125,243276
230,13486,MSO,MT,Missoula Montana,Missoula,100k-1 million,no,loss,-19.2,at least -10%,85980,111404,150733,103770,69735,17598,70879,50799,49288,97581,147118,89730,80087,100669,143530,99742
231,13487,MSP,MN,Minneapolis-St Paul International,Minneapolis,more than 5 million,no,loss,-25.1,at least -20%,3899676,4465688,4906539,4314483,3243020,384442,1484479,1535693,1849109,2907145,3697047,3379962,3143154,3671918,3863354,3488670
232,13495,MSY,LA,Louis Armstrong New Orleans International,New Orleans,more than 5 million,no,loss,-16.5,at least -10%,1628506,1876255,1596450,1784315,1396859,163808,480698,597781,620734,1176559,938962,1309907,1276787,1624638,1432569,1598044
233,13502,MTJ,CO,Montrose Regional,Montrose/Delta,100k-1 million,no,loss,-0.1,less than -10%,63846,22822,41874,30585,57017,5105,19480,19845,56619,33531,56181,43532,95269,38601,56349,44586
234,13541,MVY,MA,Martha's Vineyard Airport,Martha's Vineyard,10k-100k,no,loss,-0.8,less than -10%,1334,8140,37922,3904,1848,1007,12790,1963,1180,12367,46164,6688,1906,13282,47713,5666
235,13543,MWA,IL,Veterans Airport of Southern Illinois,Marion/Herrin,10k-100k,yes,loss,-7.2,less than -10%,2090,2606,2804,2866,1860,642,1359,1497,1389,2393,2510,2557,1868,2390,2499,2562
236,13577,MYR,SC,Myrtle Beach International,Myrtle Beach,1-5 million,no,gain,38.5,at least 30%,192104,424759,465525,251580,149458,58059,211243,132414,118248,488297,661746,337838,231040,528722,629325,330524
237,16218,YUM,AZ,Yuma MCAS/Yuma International,Yuma,10k-100k,no,loss,-14.5,at least -10%,21245,27421,22455,26906,23400,5883,9588,15060,17477,25177,23289,25410,22510,23807,20235,21260
238,13795,OAJ,NC,Albert J Ellis,Jacksonville/Camp Lejeune,100k-1 million,no,loss,-29.6,at least -20%,35945,42530,42588,41079,31686,11607,31450,30829,28032,45582,44933,42836,35544,36896,35300,29230
239,13796,OAK,CA,Metro Oakland International,Oakland,more than 5 million,no,loss,-13.4,at least -10%,1383152,1657465,1648948,1592632,1030572,187333,458882,480412,496773,1026663,1172322,1173815,990062,1435991,1573027,1386702
240,13829,OGD,UT,Ogden-Hinckley,Ogden,10k-100k,no,loss,-13.9,at least -10%,3859,3992,4125,3859,2829,880,2242,2751,2431,8474,9709,8759,7802,3955,51,40
241,13832,OGS,NY,Ogdensburg International,Ogdensburg,10k-100k,yes,loss,-36.7,at least -30%,7749,5942,5549,7655,7030,556,918,695,525,2520,4173,3074,2069,2191,1939,1689
242,13851,OKC,OK,Will Rogers World,Oklahoma City,1-5 million,no,loss,-18.7,at least -10%,456416,596634,575559,562101,374578,95542,234794,248771,227535,450066,496694,493715,388771,525745,546731,527290
243,13871,OMA,NE,Eppley Airfield,Omaha,1-5 million,no,loss,-20.6,at least -20%,565406,670798,628574,616220,470192,85552,234251,257627,278677,494063,540818,541121,467451,598020,584414,584597
244,13891,ONT,CA,Ontario International,Ontario,1-5 million,no,gain,1.4,less than 10%,557787,660316,701414,712821,517419,118975,276434,296466,273948,536364,686571,696640,559025,741596,763449,738985
245,13930,ORD,IL,Chicago O'Hare International,Chicago,more than 5 million,no,loss,-25.7,at least -20%,7222624,8954768,9270337,8689102,5986530,949097,2884275,3051262,3063642,5819186,7747417,7153829,5660803,7245136,7541472,7185257
246,13931,ORF,VA,Norfolk International,Norfolk,1-5 million,no,loss,-13.3,at least -10%,409641,542204,559796,504151,346424,77843,224515,241499,209316,433292,535786,494840,387623,577298,600219,513770
247,13933,ORH,MA,Worcester Regional,Worcester,10k-100k,no,loss,-2.9,less than -10%,23898,24192,23032,25884,18750,658,1043,0,0,0,1016,13066,14367,18933,20486,26133
248,13964,OTH,OR,Southwest Oregon Regional,North Bend/Coos Bay,10k-100k,no,loss,-8.8,less than -10%,1907,3531,5219,2589,1461,663,3170,1453,669,3631,6011,3020,1975,4478,6753,3544
249,13983,OWB,KY,Owensboro Daviess County Regional,Owensboro,10k-100k,yes,loss,-6.0,less than -10%,4412,5343,3652,5014,3401,1527,1681,2547,2291,4226,3551,3322,3528,4893,3134,4076
250,14004,PAE,WA,Snohomish County,Everett,100k-1 million,no,loss,-39.0,at least -30%,22890,115301,127564,124099,94206,1607,6391,16182,17834,30959,35597,30600,46469,80417,78744,55813
251,14006,PAH,KY,Barkley Regional,Paducah,10k-100k,yes,loss,-35.8,at least -30%,4899,6857,7488,5995,2730,424,1654,1777,1265,3276,4414,4527,2901,7208,4343,3463
252,14025,PBG,NY,Plattsburgh International,Plattsburgh,100k-1 million,yes,loss,-28.8,at least -20%,42588,28733,26115,27833,33322,2709,3387,4234,5487,3408,14380,17486,22165,18045,16259,18114
253,14027,PBI,FL,Palm Beach International,West Palm Beach/Palm Beach,1-5 million,no,loss,-8.6,less than -10%,1021405,879032,661616,846116,905322,104461,179924,300245,494531,711882,587082,781611,933426,841917,641521,825501
254,14057,PDX,OR,Portland International,Portland,more than 5 million,no,loss,-32.4,at least -30%,2039685,2386082,2628281,2349089,1638591,255980,729068,731074,706116,1429654,1842195,1686554,1388345,1850563,1938938,1794950
255,14081,PGA,AZ,Page Municipal,Page,10k-100k,yes,loss,-16.9,at least -10%,1715,2910,3514,2053,1427,570,1879,1059,888,3151,3607,1945,1768,2894,3421,1751
256,14082,PGD,FL,Punta Gorda Airport,Punta Gorda,100k-1 million,no,gain,11.2,at least 10%,245112,224700,152421,199295,258318,89479,104169,144888,201796,190029,167784,223967,284345,260042,185251,192707
257,14092,PGV,NC,Pitt Greenville,Greenville,10k-100k,no,loss,-47.0,at least -30%,11926,13519,12568,14674,9727,2018,4668,215,3452,9328,9265,9830,7990,6943,7004,7598
258,14098,PHF,VA,Newport News/Williamsburg International,Newport News/Williamsburg,100k-1 million,no,loss,-56.8,at least -30%,41552,58153,56944,54858,34666,7238,14508,14666,10221,21298,26894,24942,18674,20358,20134,21043
259,14100,PHL,PA,Philadelphia International,Philadelphia,more than 5 million,no,loss,-33.5,at least -30%,3019560,3711464,3757940,3560569,2468927,437063,1335475,1263100,1261335,2405078,2925521,2696465,2207551,2931194,2948279,2810104
260,14107,PHX,AZ,Phoenix Sky Harbor International,Phoenix,more than 5 million,no,loss,-7.3,less than -10%,5402168,5596279,5106295,5468758,4614710,941073,2059188,2592480,3022292,5030534,5033426,5419269,4978864,5466484,5015662,5467128
261,14108,PIA,IL,General Downing - Peoria International,Peoria,100k-1 million,no,loss,-35.8,at least -30%,79200,91120,86133,82669,67861,17360,36138,38868,39667,58882,67964,69760,61395,76035,75814,70787
262,14109,PIB,MS,Hattiesburg-Laurel Regional,Hattiesburg/Laurel,10k-100k,yes,loss,-4.9,less than -10%,3097,2536,2782,4120,3309,1039,1440,1748,1669,3392,3916,4011,3478,3382,3424,3492
263,14112,PIE,FL,St Pete Clearwater International,St. Petersburg,1-5 million,no,loss,-0.5,less than -10%,264941,317730,272177,264219,246646,113757,158378,168359,186810,284870,265880,265138,272005,354303,299834,265867
264,14113,PIH,ID,Pocatello Regional,Pocatello,10k-100k,no,loss,-66.7,at least -30%,10455,11183,11170,11165,8220,796,4884,5628,5034,6597,7441,4277,2707,2867,2426,3095
265,14120,PIR,SD,Pierre Regional,Pierre,10k-100k,yes,loss,-2.2,less than -10%,0,4945,6448,5578,3320,396,1611,2690,1732,3514,5365,6872,3328,4395,4255,4426
266,14122,PIT,PA,Pittsburgh International,Pittsburgh,1-5 million,no,loss,-23.9,at least -20%,1014709,1225862,1211373,1189068,818658,155998,376505,395055,388533,781244,941225,951082,781637,1057359,1035660,1008204
267,14150,PLN,MI,Pellston Regional Airport of Emmet County,Pellston,10k-100k,yes,loss,-30.8,at least -30%,5209,7990,12996,6405,4726,568,8425,3785,3079,6395,14089,5702,4205,6261,10587,4640
268,14193,PNS,FL,Pensacola International,Pensacola,1-5 million,no,loss,-14.4,at least -10%,230930,305673,306220,266637,197661,62326,161210,164453,157750,354836,384219,294446,256706,340682,330612,294143
269,14231,PQI,ME,Presque Isle International,Presque Isle/Houlton,10k-100k,yes,gain,1.9,less than 10%,2461,3326,4311,3136,2614,350,1141,1166,813,2639,4194,3483,2925,3782,4344,4358
270,14237,PRC,AZ,Prescott Regional Ernest A Love Field,Prescott,10k-100k,yes,loss,-0.1,less than -10%,5987,7401,7104,7287,4772,957,3320,3977,2831,6057,7475,7192,4972,6180,6246,6660
271,14252,PSC,WA,Tri Cities,Pasco/Kennewick/Richland,100k-1 million,no,loss,-14.1,at least -10%,97964,108430,114929,116745,79191,15684,42057,53206,53559,91856,105528,96289,86432,98433,104498,102626
272,14259,PSM,NH,Portsmouth International at Pease,Portsmouth,10k-100k,no,loss,-13.5,at least -10%,20409,19904,11726,9202,12661,3898,5022,6277,7303,11178,11768,9853,14095,17095,14238,10288
273,14262,PSP,CA,Palm Springs International,Palm Springs,1-5 million,no,gain,17.0,at least 10%,401079,279376,138126,269669,321428,31280,58629,133821,197114,271705,191341,355621,422047,353923,209480,386612
274,14288,PUB,CO,Pueblo Memorial,Pueblo,10k-100k,yes,loss,-44.2,at least -30%,3247,4638,4824,4514,2065,789,2043,1369,985,3429,4554,2786,1848,3256,2632,1701
275,14303,PUW,WA,Pullman Moscow Regional,Pullman,10k-100k,no,gain,5.5,less than 10%,17244,19679,12874,19758,17636,1986,5093,6818,8013,11825,16139,15775,15629,16165,18390,22112
276,14306,PVC,MA,Provincetown Municipal,Provincetown,10k-100k,no,loss,-29.5,at least -20%,708,1963,6140,1621,910,224,1099,583,415,1650,3984,1593,152,1520,4369,1267
277,14307,PVD,RI,Rhode Island Tf Green International,Providence,1-5 million,no,loss,-14.8,at least -10%,425739,493857,519297,505839,349066,46658,120728,131486,141152,303598,354223,360513,331710,396698,438672,400327
278,14314,PVU,UT,Provo Municipal,Provo,100k-1 million,no,gain,96.8,at least 30%,22833,28111,29853,28588,22643,9936,20764,22009,21085,31160,30455,34133,39184,45017,53544,71355
279,14321,PWM,ME,Portland International Jetport,Portland,1-5 million,no,loss,-23.1,at least -20%,209021,261528,356996,261053,171533,23942,118463,90023,75622,204958,347240,225452,161718,228341,351828,239861
280,14457,RAP,SD,Rapid City Regional,Rapid City,100k-1 million,no,loss,-25.9,at least -20%,56593,86456,122060,78883,52267,17312,60857,46978,39687,86637,134539,78501,51182,81488,121996,78421
281,14487,RDD,CA,Redding Municipal,Redding,10k-100k,no,gain,43.0,at least 30%,8978,13538,15079,14102,9557,1497,4159,3878,3582,11427,21093,22166,21880,26290,26219,24229
282,14489,RDM,OR,Roberts Field,Bend/Redmond,100k-1 million,no,loss,-8.5,less than -10%,101807,115210,142300,123581,96671,17545,53556,56568,61484,103964,140264,116571,108997,130687,147897,126491
283,14492,RDU,NC,Raleigh-Durham International,Raleigh/Durham,more than 5 million,no,loss,-23.7,at least -20%,1368745,1810452,1811693,1777226,1171464,167490,457041,532017,523994,1104385,1285559,1382277,1110244,1550433,1519528,1552174
284,14512,RFD,IL,Chicago/Rockford International,Rockford,100k-1 million,no,loss,-1.8,less than -10%,30074,31819,29759,29110,26967,11682,17132,23037,25018,22591,26496,30049,36357,30203,27938,31257
285,14520,RHI,WI,Rhinelander/Oneida County,Rhinelander,10k-100k,yes,loss,-10.7,at least -10%,5454,5713,10249,5809,4700,613,5371,2968,3505,5061,12589,5084,4785,5081,7116,4018
286,14524,RIC,VA,Richmond International,Richmond,1-5 million,no,loss,-17.1,at least -10%,475628,575154,567813,578033,396641,61556,181183,206052,187339,411043,495913,515682,402395,549551,543603,556899
287,14534,RIW,WY,Central Wyoming Regional,Riverton/Lander,10k-100k,no,loss,-61.7,at least -30%,4414,5036,5672,3871,4962,381,2044,2306,2252,3602,4935,4678,3181,3203,3547,3041
288,14543,RKS,WY,Southwest Wyoming Regional,Rock Springs,10k-100k,no,loss,-45.5,at least -30%,5585,5645,6436,6452,4636,1205,3121,2479,2256,4067,5259,5140,3691,3832,3909,3846
289,14570,RNO,NV,Reno/Tahoe International,Reno,1-5 million,no,loss,-14.8,at least -10%,498705,522616,606287,521309,422280,75312,238360,223898,264201,457944,539842,484719,471427,513917,589731,504414
290,14574,ROA,VA,Roanoke Blacksburg Regional,Roanoke,100k-1 million,no,loss,-21.9,at least -20%,75847,95001,90576,97846,63621,11145,31871,36893,30334,60162,73849,75258,59212,77559,77840,82414
291,14576,ROC,NY,Frederick Douglass Grtr Rochester International,Rochester,1-5 million,no,loss,-14.7,at least -10%,285840,337372,332203,324920,239194,29431,71768,76945,82953,177315,241931,268538,230231,305397,314724,310056
292,14588,ROW,NM,Roswell Air Center,Roswell,10k-100k,no,loss,-11.5,at least -10%,13031,16358,15450,15702,11590,2178,4672,5614,5328,12275,13984,13467,10281,14649,16155,14606
293,14633,RST,MN,Rochester International,Rochester,100k-1 million,no,loss,-57.5,at least -30%,41139,46478,47830,48325,35615,3738,10807,15102,16548,26813,31703,24663,22570,21465,20890,20074
294,14635,RSW,FL,Southwest Florida International,Fort Myers,1-5 million,no,gain,2.4,less than 10%,1709834,1233322,760080,1180402,1563478,227823,371355,715987,1238864,1513982,1009745,1328925,1794699,1391080,884865,973619
295,14674,SAF,NM,Santa Fe Municipal,Santa Fe,100k-1 million,no,loss,-10.5,at least -10%,26059,37824,38033,40619,27275,3688,9208,9710,10836,19920,29843,34482,23083,34759,34902,30660
296,14679,SAN,CA,San Diego International,San Diego,more than 5 million,no,loss,-13.7,at least -10%,2713896,3178683,3301043,3035163,2256484,343742,946327,989366,913842,1981010,2510562,2355893,2085509,2868947,3101302,2831252
297,14683,SAT,TX,San Antonio International,San Antonio,1-5 million,no,loss,-18.6,at least -10%,1110968,1305394,1249584,1241637,868850,164563,362469,462301,436104,885679,985153,1059843,913194,1184495,1193699,1259623
298,14685,SAV,GA,Savannah/Hilton Head International,Savannah,1-5 million,no,loss,-0.4,less than -10%,291539,419419,386387,358349,237124,49251,146606,150161,145073,396490,435353,395673,321646,508974,475829,434537
299,14689,SBA,CA,Santa Barbara Municipal,Santa Barbara,100k-1 million,no,loss,-21.7,at least -20%,97148,126380,141701,143941,104949,12854,36434,39358,33136,113972,155465,146847,113137,162533,181550,167849
300,14696,SBN,IN,South Bend International,South Bend,100k-1 million,no,loss,-27.6,at least -20%,95617,102470,107531,107907,82935,18422,47067,58451,59219,81072,95189,101702,83755,87497,85652,101497
301,14698,SBP,CA,San Luis County Regional,San Luis Obispo,100k-1 million,no,loss,-10.5,at least -10%,55294,70068,68881,72728,56416,12156,29766,32492,27211,54915,53677,64033,54518,69589,72224,76289
302,14704,SBY,MD,Salisbury-Ocean City/Wicomico Regional,Salisbury,10k-100k,no,loss,-36.4,at least -30%,14056,17041,20601,18504,12988,3169,9419,8832,8039,14380,21127,15367,12086,11003,11709,12586
303,14711,SCE,PA,University Park,State College,100k-1 million,no,loss,-49.2,at least -30%,37149,48944,47980,56947,36964,4481,14329,16670,13868,26028,42230,37861,23602,29677,24988,31411
304,14716,SCK,CA,Stockton Metro,Stockton,100k-1 million,no,loss,-42.0,at least -30%,21188,25918,26954,27059,18926,5246,9630,10512,10057,19774,19558,19463,16803,20324,19580,17667
305,14730,SDF,KY,Louisville Muhammad Ali International,Louisville,1-5 million,no,loss,-19.9,at least -10%,438945,555229,539164,531803,355824,67885,171951,194792,193232,385229,489781,485992,401508,513233,505258,488429
306,14747,SEA,WA,Seattle/Tacoma International,Seattle,more than 5 million,no,loss,-10.7,at least -10%,4641191,5708011,6475038,5411960,3891994,844690,2065687,2003630,2194151,4373735,5473485,4592237,4014281,5155908,5824929,5059457
307,14761,SFB,FL,Orlando Sanford International,Sanford,1-5 million,no,loss,-17.8,at least -10%,361640,427978,346091,357647,318669,97276,149298,187449,202704,330680,318887,314355,316006,375214,320108,313637
308,14771,SFO,CA,San Francisco International,San Francisco,more than 5 million,no,loss,-25.4,at least -20%,4433566,5374005,5570694,5034061,3484292,403744,1053892,1255060,1074112,2357889,3245298,3465138,2953153,4188203,4311829,4164612
309,14783,SGF,MO,Springfield-Branson National,Springfield,100k-1 million,no,loss,-23.5,at least -20%,115756,155761,163030,148127,102032,32142,80065,76515,68599,131102,145139,133248,107905,146701,147359,136211
310,14794,SGU,UT,St George Regional,St. George,100k-1 million,no,gain,9.8,less than 10%,36095,25875,1537,38921,29473,6625,20080,24388,25114,44862,43790,38842,26046,34159,33018,34723
311,14802,SHD,VA,Shenandoah Valley Regional,Staunton,10k-100k,yes,gain,0.7,less than 10%,3128,4032,4715,5249,2991,297,1195,1559,1000,3165,4632,4857,2867,3122,2948,2102
312,14812,SHR,WY,Sheridan County,Sheridan,10k-100k,no,loss,-13.0,at least -10%,2788,3213,3827,1878,3632,534,2890,3194,2990,5646,8481,6587,5689,6141,7044,6229
313,14814,SHV,LA,Shreveport Regional,Shreveport,100k-1 million,no,loss,-25.7,at least -20%,67115,89845,86740,86799,60296,14532,39412,41023,34066,66690,76399,70826,57043,74388,74150,70310
314,14831,SJC,CA,Norman Y. Mineta San Jose International,San Jose,more than 5 million,no,loss,-25.1,at least -20%,1551258,1916799,1986031,1913804,1275294,150046,370179,376849,361425,860199,1087843,1165580,938293,1483454,1604406,1455263
315,14842,SJT,TX,San Angelo Regional/Mathis Field,San Angelo,10k-100k,no,loss,-25.2,at least -20%,13367,16021,17560,18810,12432,3940,7826,10072,8652,17330,17743,15231,10748,16456,13914,13571
316,14869,SLC,UT,Salt Lake City International,Salt Lake City,more than 5 million,no,loss,-9.9,less than -10%,2948987,3128708,3287312,2997161,2526224,490107,1348510,1471730,1687601,2718048,3238795,2923855,2791868,3052437,3138453,2895772
317,14877,SLN,KS,Salina Regional,Salina,10k-100k,yes,loss,-11.4,at least -10%,3610,4851,5206,5121,3107,397,1420,1854,1710,4571,6138,5948,4399,7749,5486,5594
318,14893,SMF,CA,Sacramento International,Sacramento,more than 5 million,no,loss,-8.0,less than -10%,1361020,1657502,1703547,1655450,1169645,248826,594172,647291,616528,1200614,1440426,1415773,1153288,1590334,1662420,1542700
319,14905,SMX,CA,Santa Maria Public/Capt. G. Allan Hancock Field,Santa Maria,10k-100k,no,loss,-33.0,at least -30%,5156,5757,6779,6433,3903,745,2459,3186,2911,8056,9181,7120,4389,3803,3547,3746
320,14908,SNA,CA,John Wayne Airport-Orange County,Santa Ana,more than 5 million,no,gain,4.6,less than 10%,1211639,1314238,1305141,1236124,910237,136883,371036,388494,394380,890631,1228717,1241991,1098934,1424447,1445457,1418257
321,14952,SPI,IL,Abraham Lincoln Capital,Springfield,10k-100k,no,loss,-25.0,at least -20%,18276,18489,15796,20598,17032,3473,6814,6897,10520,13053,17100,19535,18743,20010,15275,17676
322,14960,SPS,TX,Sheppard AFB/Wichita Falls Municipal,Wichita Falls,10k-100k,no,loss,-11.5,at least -10%,8372,11098,11165,10597,7493,3481,4333,5993,5766,9832,8781,9081,6633,9158,8606,6415
323,14986,SRQ,FL,Sarasota/Bradenton International,Sarasota/Bradenton,100k-1 million,no,gain,75.6,at least 30%,235063,249909,203385,268388,297546,53027,93938,158367,276668,460221,388338,461373,538890,520003,360157,499832
324,15008,STC,MN,St. Cloud Regional,St. Cloud,10k-100k,no,loss,-18.0,at least -10%,10658,3694,1658,4380,8473,1077,1346,3787,7236,1982,2230,4737,11507,1634,0,4610
325,15016,STL,MO,St Louis Lambert International,St. Louis,more than 5 million,no,loss,-21.9,at least -20%,1727525,2085112,2039761,1955021,1382844,290561,746920,695195,712441,1314969,1555605,1530416,1309572,1813582,1852838,1732208
326,15023,STS,CA,Charles M. Schulz - Sonoma County,Santa Rosa,100k-1 million,no,gain,14.0,at least 10%,42508,58354,75850,62820,45463,6137,22069,23063,12562,55769,70979,76200,59162,79718,86324,78475
327,15041,SUN,ID,Friedman Memorial,Sun Valley/Hailey/Ketchum,10k-100k,no,gain,14.3,at least 10%,25186,14369,33289,16066,26446,1362,10865,7669,23392,17306,33443,19859,35420,12607,32983,19446
328,15048,SUX,IA,Sioux Gateway Brig Gen Bud Day Field,Sioux City,10k-100k,no,loss,-47.1,at least -30%,10483,12377,10471,13266,8804,1101,3132,3805,4277,8260,9526,8293,5903,6332,6596,6253
329,15070,SWF,NY,New York Stewart International,Newburgh/Poughkeepsie,100k-1 million,no,loss,-70.5,at least -30%,38797,49991,55254,45973,31662,5120,6102,5691,6933,15400,22402,23069,27090,34955,35734,25638
330,15074,SWO,OK,Stillwater Regional,Stillwater,10k-100k,no,loss,-16.7,at least -10%,5408,7287,7549,7759,4866,1010,2467,2968,2241,4503,5709,6261,4879,7154,6810,7682
331,15096,SYR,NY,Syracuse Hancock International,Syracuse,1-5 million,no,loss,-11.7,at least -10%,275768,324758,348394,324971,239821,35878,71622,84934,100414,192072,259833,284405,258500,317425,335446,331807
332,15177,TEX,CO,Telluride Regional,Telluride,less than 10k,no,loss,-28.2,at least -20%,599,1023,2668,1109,2161,56,1154,370,1739,1244,1915,1702,3651,2443,3423,2186
333,15249,TLH,FL,Tallahassee International,Tallahassee,100k-1 million,no,loss,-25.4,at least -20%,94783,107404,101589,113289,85484,13482,39340,46531,43967,79756,89958,104675,88994,107157,97974,102278
334,15295,TOL,OH,Eugene F Kranz Toledo Express,Toledo,100k-1 million,no,loss,-58.2,at least -30%,31978,31753,27859,31176,26763,7140,10474,16979,19132,19911,21721,20214,24040,23598,13669,17760
335,15304,TPA,FL,Tampa International,Tampa,more than 5 million,no,loss,-7.3,less than -10%,2760087,2748513,2351402,2623988,2385829,389109,855529,1225050,1540319,2474504,2268838,2522429,2614972,2760678,2298582,2518734
336,15323,TRI,TN,Tri Cities,Bristol/Johnson City/Kingsport,100k-1 million,no,loss,-12.2,at least -10%,45281,58553,58830,61155,40839,8924,24885,25159,22709,41008,46222,47685,35649,53594,52086,51048
337,15356,TTN,NJ,Trenton Mercer,Trenton,100k-1 million,no,loss,-26.1,at least -20%,95060,117042,124529,124965,92106,6785,9608,20840,30654,53255,74292,85128,88707,97465,76431,65536
338,15370,TUL,OK,Tulsa International,Tulsa,1-5 million,no,loss,-11.1,at least -10%,334228,415375,400147,387332,263603,62403,169604,180060,167190,323532,348098,339478,274634,397565,418764,397224
339,15374,TUP,MS,Tupelo Regional,Tupelo,10k-100k,yes,loss,-29.2,at least -20%,3367,4024,3943,2846,3390,921,2040,2423,2244,4712,3193,3474,2888,2871,3127,3239
340,15376,TUS,AZ,Tucson International,Tucson,1-5 million,no,loss,-18.6,at least -10%,496654,485933,400665,477275,411604,75515,146322,191477,208872,359066,352616,416042,417734,446702,384146,470637
341,15380,TVC,MI,Cherry Capital,Traverse City,100k-1 million,no,loss,-14.4,at least -10%,40331,61933,120100,63843,51530,10522,53688,30373,30657,66470,139855,61787,51770,63918,118680,53471
342,15389,TWF,ID,Joslin Field - Magic Valley Regional,Twin Falls,10k-100k,no,loss,-66.0,at least -30%,16967,12165,10912,12555,10869,1084,5466,6650,6211,9588,12012,8047,3861,4620,4177,5143
343,15401,TXK,AR,Texarkana Regional-Webb Field,Texarkana,10k-100k,no,gain,3.0,less than 10%,7920,9958,10295,9695,5594,1918,4609,5378,5024,7959,6925,7848,7050,10985,9733,8325
344,15411,TYR,TX,Tyler Pounds Regional,Tyler,10k-100k,no,loss,-20.9,at least -20%,11444,12180,18643,17621,12156,2931,6147,8031,7892,10706,10156,11397,9665,11019,9485,10607
345,15412,TYS,TN,McGhee Tyson,Knoxville,1-5 million,no,loss,-24.6,at least -20%,250081,330883,342057,325980,223721,51416,142034,152384,140359,252286,293499,292460,236391,329900,334154,318654
346,15454,UIN,IL,Quincy Regional-Baldwin Field,Quincy,10k-100k,yes,gain,96.8,at least 30%,1833,2615,2724,2869,1789,565,1118,1436,1127,2128,2063,2060,1260,1869,900,718
347,15582,VEL,UT,Vernal Regional,Vernal,10k-100k,yes,loss,-16.5,at least -10%,2636,3261,3460,3300,2071,546,1451,1669,1569,2548,2534,2517,2107,3496,2740,2729
348,15607,VLD,GA,Valdosta Regional,Valdosta,10k-100k,no,loss,-3.5,less than -10%,10102,11124,11344,11653,9068,964,4708,6987,6433,11142,10766,10219,8633,10248,9602,10034
349,15624,VPS,FL,Eglin AFB Destin Fort Walton Beach,Valparaiso,100k-1 million,no,loss,-1.4,less than -10%,128476,246067,273186,165767,108077,66087,168720,116685,94144,308423,369851,210673,166492,307055,320680,194438
350,15855,WST,RI,Westerly State,Westerly,10k-100k,no,loss,-10.5,at least -10%,2324,4194,8874,2868,1712,1520,6984,2504,1827,4573,7599,2903,1810,4001,5755,2853
351,15919,XNA,AR,Northwest Arkansas National,Fayetteville,100k-1 million,no,loss,-22.4,at least -20%,178165,240121,238158,232376,162580,26282,68748,83103,73450,148809,177484,201246,155171,226565,216399,212219
352,16101,YKM,WA,Yakima Air Terminal/McAllister Field,Yakima,10k-100k,no,loss,-51.0,at least -30%,17337,15449,15731,19081,15344,1523,4411,7729,8871,11628,11963,12855,11128,9860,8022,6117
353,16869,XWA,ND,Williston Basin International,Williston,10k-100k,no,loss,-28.0,at least -20%,19322,22780,24184,22159,17302,3372,4339,6278,6548,8846,14671,16216,11537,14393,20624,19681
